time,category,country,carbon_emission,unixtime
2019/1/1,Total,China,32267.17281,1546300800
2019/1/2,Total,China,31713.3053,1546387200
2019/1/3,Total,China,30632.94268,1546473600
2019/1/4,Total,China,31433.26205,1546560000
2019/1/5,Total,China,31437.8125,1546646400
2019/1/6,Total,China,31547.13809,1546732800
2019/1/7,Total,China,31278.17459,1546819200
2019/1/8,Total,China,31769.06229,1546905600
2019/1/9,Total,China,31863.21517,1546992000
2019/1/10,Total,China,32219.78983,1547078400
2019/1/11,Total,China,32579.54857,1547164800
2019/1/12,Total,China,31732.20381,1547251200
2019/1/13,Total,China,30846.50324,1547337600
2019/1/14,Total,China,30794.78607,1547424000
2019/1/15,Total,China,31617.66097,1547510400
2019/1/16,Total,China,31660.41905,1547596800
2019/1/17,Total,China,31583.37197,1547683200
2019/1/18,Total,China,31138.8095,1547769600
2019/1/19,Total,China,30807.99489,1547856000
2019/1/20,Total,China,29998.70318,1547942400
2019/1/21,Total,China,30007.0299,1548028800
2019/1/22,Total,China,29137.86439,1548115200
2019/1/23,Total,China,29070.10323,1548201600
2019/1/24,Total,China,28123.415,1548288000
2019/1/25,Total,China,26982.84032,1548374400
2019/1/26,Total,China,25806.33128,1548460800
2019/1/27,Total,China,24813.50717,1548547200
2019/1/28,Total,China,25172.24953,1548633600
2019/1/29,Total,China,23931.19119,1548720000
2019/1/30,Total,China,23130.54927,1548806400
2019/1/31,Total,China,22929.94014,1548892800
2019/2/1,Total,China,24099.50845,1548979200
2019/2/2,Total,China,23421.96711,1549065600
2019/2/3,Total,China,23064.77839,1549152000
2019/2/4,Total,China,22378.71426,1549238400
2019/2/5,Total,China,22051.34044,1549324800
2019/2/6,Total,China,22013.80455,1549411200
2019/2/7,Total,China,22418.11396,1549497600
2019/2/8,Total,China,23105.36523,1549584000
2019/2/9,Total,China,23851.66041,1549670400
2019/2/10,Total,China,24386.68844,1549756800
2019/2/11,Total,China,25240.46797,1549843200
2019/2/12,Total,China,25588.46848,1549929600
2019/2/13,Total,China,26266.13258,1550016000
2019/2/14,Total,China,27106.70129,1550102400
2019/2/15,Total,China,27392.13657,1550188800
2019/2/16,Total,China,27905.23824,1550275200
2019/2/17,Total,China,27891.06216,1550361600
2019/2/18,Total,China,28461.20186,1550448000
2019/2/19,Total,China,29728.34979,1550534400
2019/2/20,Total,China,31174.41005,1550620800
2019/2/21,Total,China,31458.75361,1550707200
2019/2/22,Total,China,30998.24771,1550793600
2019/2/23,Total,China,30953.898,1550880000
2019/2/24,Total,China,30571.13187,1550966400
2019/2/25,Total,China,30998.78933,1551052800
2019/2/26,Total,China,29754.78306,1551139200
2019/2/27,Total,China,30672.39544,1551225600
2019/2/28,Total,China,30133.47225,1551312000
2019/3/1,Total,China,30387.46753,1551398400
2019/3/2,Total,China,30577.72091,1551484800
2019/3/3,Total,China,29727.64073,1551571200
2019/3/4,Total,China,29500.86317,1551657600
2019/3/5,Total,China,28227.11602,1551744000
2019/3/6,Total,China,28366.69152,1551830400
2019/3/7,Total,China,28353.37274,1551916800
2019/3/8,Total,China,28452.99179,1552003200
2019/3/9,Total,China,28918.37478,1552089600
2019/3/10,Total,China,28487.12377,1552176000
2019/3/11,Total,China,28104.66008,1552262400
2019/3/12,Total,China,27157.42185,1552348800
2019/3/13,Total,China,27033.4486,1552435200
2019/3/14,Total,China,27264.43246,1552521600
2019/3/15,Total,China,27458.48457,1552608000
2019/3/16,Total,China,27530.42118,1552694400
2019/3/17,Total,China,26824.34804,1552780800
2019/3/18,Total,China,26947.06891,1552867200
2019/3/19,Total,China,26595.21107,1552953600
2019/3/20,Total,China,27576.67869,1553040000
2019/3/21,Total,China,27642.72773,1553126400
2019/3/22,Total,China,28007.82402,1553212800
2019/3/23,Total,China,28237.23823,1553299200
2019/3/24,Total,China,27606.48748,1553385600
2019/3/25,Total,China,27515.39028,1553472000
2019/3/26,Total,China,26497.16469,1553558400
2019/3/27,Total,China,27238.21949,1553644800
2019/3/28,Total,China,27925.64625,1553731200
2019/3/29,Total,China,27377.6596,1553817600
2019/3/30,Total,China,27196.14044,1553904000
2019/3/31,Total,China,27278.79806,1553990400
2019/4/1,Total,China,28993.32659,1554076800
2019/4/2,Total,China,29170.51495,1554163200
2019/4/3,Total,China,28085.62814,1554249600
2019/4/4,Total,China,28274.21729,1554336000
2019/4/5,Total,China,28013.59288,1554422400
2019/4/6,Total,China,27512.44676,1554508800
2019/4/7,Total,China,27801.09581,1554595200
2019/4/8,Total,China,28221.47386,1554681600
2019/4/9,Total,China,29106.1818,1554768000
2019/4/10,Total,China,29690.78446,1554854400
2019/4/11,Total,China,30086.89311,1554940800
2019/4/12,Total,China,29321.99513,1555027200
2019/4/13,Total,China,29389.79982,1555113600
2019/4/14,Total,China,28997.97897,1555200000
2019/4/15,Total,China,28621.08303,1555286400
2019/4/16,Total,China,27361.54725,1555372800
2019/4/17,Total,China,26105.63802,1555459200
2019/4/18,Total,China,26872.76177,1555545600
2019/4/19,Total,China,27388.05934,1555632000
2019/4/20,Total,China,26407.1256,1555718400
2019/4/21,Total,China,27395.44293,1555804800
2019/4/22,Total,China,26613.37797,1555891200
2019/4/23,Total,China,26976.4062,1555977600
2019/4/24,Total,China,27062.50899,1556064000
2019/4/25,Total,China,27834.20283,1556150400
2019/4/26,Total,China,27529.79343,1556236800
2019/4/27,Total,China,27680.9188,1556323200
2019/4/28,Total,China,26709.54788,1556409600
2019/4/29,Total,China,26937.76422,1556496000
2019/4/30,Total,China,26099.89661,1556582400
2019/5/1,Total,China,26679.18902,1556668800
2019/5/2,Total,China,24997.61039,1556755200
2019/5/3,Total,China,25321.42048,1556841600
2019/5/4,Total,China,26391.65023,1556928000
2019/5/5,Total,China,26941.96645,1557014400
2019/5/6,Total,China,26883.31372,1557100800
2019/5/7,Total,China,27858.52215,1557187200
2019/5/8,Total,China,27315.97587,1557273600
2019/5/9,Total,China,27100.87343,1557360000
2019/5/10,Total,China,26800.67339,1557446400
2019/5/11,Total,China,26280.77336,1557532800
2019/5/12,Total,China,25976.96091,1557619200
2019/5/13,Total,China,26297.76436,1557705600
2019/5/14,Total,China,27732.57921,1557792000
2019/5/15,Total,China,26827.44967,1557878400
2019/5/16,Total,China,28025.48,1557964800
2019/5/17,Total,China,28415.89428,1558051200
2019/5/18,Total,China,28321.83772,1558137600
2019/5/19,Total,China,27026.59613,1558224000
2019/5/20,Total,China,27431.59097,1558310400
2019/5/21,Total,China,27768.97041,1558396800
2019/5/22,Total,China,27392.25107,1558483200
2019/5/23,Total,China,27557.09662,1558569600
2019/5/24,Total,China,26884.5754,1558656000
2019/5/25,Total,China,26538.07564,1558742400
2019/5/26,Total,China,26039.02212,1558828800
2019/5/27,Total,China,26691.01906,1558915200
2019/5/28,Total,China,26178.22411,1559001600
2019/5/29,Total,China,25838.13036,1559088000
2019/5/30,Total,China,25855.86228,1559174400
2019/5/31,Total,China,25899.3629,1559260800
2019/6/1,Total,China,24936.15535,1559347200
2019/6/2,Total,China,24803.98576,1559433600
2019/6/3,Total,China,24709.04155,1559520000
2019/6/4,Total,China,25539.62338,1559606400
2019/6/5,Total,China,26478.86392,1559692800
2019/6/6,Total,China,26719.13832,1559779200
2019/6/7,Total,China,27501.71726,1559865600
2019/6/8,Total,China,26554.70453,1559952000
2019/6/9,Total,China,27089.54742,1560038400
2019/6/10,Total,China,28441.65717,1560124800
2019/6/11,Total,China,29902.43476,1560211200
2019/6/12,Total,China,29588.97755,1560297600
2019/6/13,Total,China,29525.75763,1560384000
2019/6/14,Total,China,29061.03373,1560470400
2019/6/15,Total,China,30000.84394,1560556800
2019/6/16,Total,China,29295.50629,1560643200
2019/6/17,Total,China,29238.48159,1560729600
2019/6/18,Total,China,29658.54652,1560816000
2019/6/19,Total,China,30669.61278,1560902400
2019/6/20,Total,China,29461.32429,1560988800
2019/6/21,Total,China,29508.91452,1561075200
2019/6/22,Total,China,29128.66585,1561161600
2019/6/23,Total,China,28522.90031,1561248000
2019/6/24,Total,China,27451.05479,1561334400
2019/6/25,Total,China,27216.52738,1561420800
2019/6/26,Total,China,27589.53169,1561507200
2019/6/27,Total,China,28355.81036,1561593600
2019/6/28,Total,China,28758.59574,1561680000
2019/6/29,Total,China,29241.66876,1561766400
2019/6/30,Total,China,28646.92329,1561852800
2019/7/1,Total,China,26894.66695,1561939200
2019/7/2,Total,China,26541.76496,1562025600
2019/7/3,Total,China,27713.64106,1562112000
2019/7/4,Total,China,26800.26714,1562198400
2019/7/5,Total,China,26119.84847,1562284800
2019/7/6,Total,China,25179.07306,1562371200
2019/7/7,Total,China,24950.01145,1562457600
2019/7/8,Total,China,25574.05937,1562544000
2019/7/9,Total,China,26591.82628,1562630400
2019/7/10,Total,China,27588.34407,1562716800
2019/7/11,Total,China,27513.87932,1562803200
2019/7/12,Total,China,27628.14403,1562889600
2019/7/13,Total,China,27305.78406,1562976000
2019/7/14,Total,China,27317.51705,1563062400
2019/7/15,Total,China,27461.37629,1563148800
2019/7/16,Total,China,27474.78847,1563235200
2019/7/17,Total,China,29158.88422,1563321600
2019/7/18,Total,China,29404.01315,1563408000
2019/7/19,Total,China,30100.04388,1563494400
2019/7/20,Total,China,29766.77474,1563580800
2019/7/21,Total,China,29864.53452,1563667200
2019/7/22,Total,China,29842.08623,1563753600
2019/7/23,Total,China,30565.52804,1563840000
2019/7/24,Total,China,30572.36366,1563926400
2019/7/25,Total,China,30532.2845,1564012800
2019/7/26,Total,China,30811.12686,1564099200
2019/7/27,Total,China,31019.90471,1564185600
2019/7/28,Total,China,30963.95092,1564272000
2019/7/29,Total,China,30137.15177,1564358400
2019/7/30,Total,China,30803.1551,1564444800
2019/7/31,Total,China,30909.16457,1564531200
2019/8/1,Total,China,29265.73259,1564617600
2019/8/2,Total,China,28946.80685,1564704000
2019/8/3,Total,China,28173.2083,1564790400
2019/8/4,Total,China,27681.08901,1564876800
2019/8/5,Total,China,28045.09061,1564963200
2019/8/6,Total,China,28142.58376,1565049600
2019/8/7,Total,China,28838.38901,1565136000
2019/8/8,Total,China,29319.64887,1565222400
2019/8/9,Total,China,29518.24999,1565308800
2019/8/10,Total,China,29235.57274,1565395200
2019/8/11,Total,China,28953.15912,1565481600
2019/8/12,Total,China,28400.01881,1565568000
2019/8/13,Total,China,28807.92878,1565654400
2019/8/14,Total,China,29560.43568,1565740800
2019/8/15,Total,China,30032.75283,1565827200
2019/8/16,Total,China,29893.05459,1565913600
2019/8/17,Total,China,29445.61226,1566000000
2019/8/18,Total,China,28273.96022,1566086400
2019/8/19,Total,China,28046.42108,1566172800
2019/8/20,Total,China,28447.80755,1566259200
2019/8/21,Total,China,28896.69229,1566345600
2019/8/22,Total,China,29335.2131,1566432000
2019/8/23,Total,China,29354.77083,1566518400
2019/8/24,Total,China,29431.66812,1566604800
2019/8/25,Total,China,29459.42426,1566691200
2019/8/26,Total,China,29416.67128,1566777600
2019/8/27,Total,China,28976.77812,1566864000
2019/8/28,Total,China,29897.13728,1566950400
2019/8/29,Total,China,29430.62992,1567036800
2019/8/30,Total,China,28969.44784,1567123200
2019/8/31,Total,China,28502.39566,1567209600
2019/9/1,Total,China,30717.90983,1567296000
2019/9/2,Total,China,28922.89431,1567382400
2019/9/3,Total,China,28828.04056,1567468800
2019/9/4,Total,China,28979.13876,1567555200
2019/9/5,Total,China,28994.85501,1567641600
2019/9/6,Total,China,28925.11014,1567728000
2019/9/7,Total,China,28948.5183,1567814400
2019/9/8,Total,China,29307.47414,1567900800
2019/9/9,Total,China,29588.45115,1567987200
2019/9/10,Total,China,30300.29464,1568073600
2019/9/11,Total,China,30540.16944,1568160000
2019/9/12,Total,China,30377.75293,1568246400
2019/9/13,Total,China,30541.09221,1568332800
2019/9/14,Total,China,30102.11059,1568419200
2019/9/15,Total,China,27912.17441,1568505600
2019/9/16,Total,China,28286.90121,1568592000
2019/9/17,Total,China,28347.52628,1568678400
2019/9/18,Total,China,27994.59804,1568764800
2019/9/19,Total,China,27894.9185,1568851200
2019/9/20,Total,China,27101.67609,1568937600
2019/9/21,Total,China,27147.64194,1569024000
2019/9/22,Total,China,26241.85764,1569110400
2019/9/23,Total,China,25619.11099,1569196800
2019/9/24,Total,China,25196.50635,1569283200
2019/9/25,Total,China,26643.23033,1569369600
2019/9/26,Total,China,27012.03526,1569456000
2019/9/27,Total,China,27417.30356,1569542400
2019/9/28,Total,China,26701.37332,1569628800
2019/9/29,Total,China,26967.3838,1569715200
2019/9/30,Total,China,27072.7331,1569801600
2019/10/1,Total,China,26844.75834,1569888000
2019/10/2,Total,China,25620.53778,1569974400
2019/10/3,Total,China,25689.36121,1570060800
2019/10/4,Total,China,26061.01689,1570147200
2019/10/5,Total,China,26878.06746,1570233600
2019/10/6,Total,China,26656.95394,1570320000
2019/10/7,Total,China,26852.87022,1570406400
2019/10/8,Total,China,27143.62414,1570492800
2019/10/9,Total,China,26851.2652,1570579200
2019/10/10,Total,China,27271.55271,1570665600
2019/10/11,Total,China,27433.66468,1570752000
2019/10/12,Total,China,27725.90537,1570838400
2019/10/13,Total,China,28062.91076,1570924800
2019/10/14,Total,China,27896.61715,1571011200
2019/10/15,Total,China,27421.54424,1571097600
2019/10/16,Total,China,26929.83163,1571184000
2019/10/17,Total,China,27112.04985,1571270400
2019/10/18,Total,China,27303.72933,1571356800
2019/10/19,Total,China,27209.6961,1571443200
2019/10/20,Total,China,26936.98698,1571529600
2019/10/21,Total,China,26637.25067,1571616000
2019/10/22,Total,China,27150.10863,1571702400
2019/10/23,Total,China,27794.07543,1571788800
2019/10/24,Total,China,28166.31593,1571875200
2019/10/25,Total,China,28392.56953,1571961600
2019/10/26,Total,China,28058.49044,1572048000
2019/10/27,Total,China,27544.22244,1572134400
2019/10/28,Total,China,27206.52627,1572220800
2019/10/29,Total,China,26450.12817,1572307200
2019/10/30,Total,China,26016.10848,1572393600
2019/10/31,Total,China,26528.2257,1572480000
2019/11/1,Total,China,27265.74539,1572566400
2019/11/2,Total,China,27299.44266,1572652800
2019/11/3,Total,China,27617.90056,1572739200
2019/11/4,Total,China,27936.03712,1572825600
2019/11/5,Total,China,27998.21289,1572912000
2019/11/6,Total,China,29056.67475,1572998400
2019/11/7,Total,China,29488.79467,1573084800
2019/11/8,Total,China,29374.41933,1573171200
2019/11/9,Total,China,29636.34389,1573257600
2019/11/10,Total,China,28730.00645,1573344000
2019/11/11,Total,China,28442.22061,1573430400
2019/11/12,Total,China,29309.30592,1573516800
2019/11/13,Total,China,30487.96666,1573603200
2019/11/14,Total,China,30547.01202,1573689600
2019/11/15,Total,China,30099.88185,1573776000
2019/11/16,Total,China,29705.36007,1573862400
2019/11/17,Total,China,30208.50988,1573948800
2019/11/18,Total,China,30731.20583,1574035200
2019/11/19,Total,China,31220.64475,1574121600
2019/11/20,Total,China,31327.82671,1574208000
2019/11/21,Total,China,31751.85157,1574294400
2019/11/22,Total,China,31842.52155,1574380800
2019/11/23,Total,China,32008.59887,1574467200
2019/11/24,Total,China,32483.40701,1574553600
2019/11/25,Total,China,32475.75892,1574640000
2019/11/26,Total,China,32937.22101,1574726400
2019/11/27,Total,China,33729.54013,1574812800
2019/11/28,Total,China,34045.89099,1574899200
2019/11/29,Total,China,33882.17424,1574985600
2019/11/30,Total,China,33574.21071,1575072000
2019/12/1,Total,China,31991.93795,1575158400
2019/12/2,Total,China,31512.29424,1575244800
2019/12/3,Total,China,31138.33576,1575331200
2019/12/4,Total,China,31293.27392,1575417600
2019/12/5,Total,China,31840.87353,1575504000
2019/12/6,Total,China,32452.1191,1575590400
2019/12/7,Total,China,32513.36961,1575676800
2019/12/8,Total,China,32274.40626,1575763200
2019/12/9,Total,China,31949.66846,1575849600
2019/12/10,Total,China,32779.09688,1575936000
2019/12/11,Total,China,32622.32415,1576022400
2019/12/12,Total,China,32449.86376,1576108800
2019/12/13,Total,China,32637.96413,1576195200
2019/12/14,Total,China,33046.06209,1576281600
2019/12/15,Total,China,32599.61213,1576368000
2019/12/16,Total,China,32114.09643,1576454400
2019/12/17,Total,China,33126.68601,1576540800
2019/12/18,Total,China,33301.50819,1576627200
2019/12/19,Total,China,34370.5508,1576713600
2019/12/20,Total,China,34892.73894,1576800000
2019/12/21,Total,China,34239.07703,1576886400
2019/12/22,Total,China,34090.30742,1576972800
2019/12/23,Total,China,34091.69377,1577059200
2019/12/24,Total,China,33995.99982,1577145600
2019/12/25,Total,China,34349.2076,1577232000
2019/12/26,Total,China,34757.5233,1577318400
2019/12/27,Total,China,34584.53393,1577404800
2019/12/28,Total,China,33921.06704,1577491200
2019/12/29,Total,China,33126.27748,1577577600
2019/12/30,Total,China,34651.20028,1577664000
2019/12/31,Total,China,35089.60194,1577750400
2020/1/1,Total,China,33131.45218,1577836800
2020/1/2,Total,China,32065.86822,1577923200
2020/1/3,Total,China,31163.52481,1578009600
2020/1/4,Total,China,30782.9423,1578096000
2020/1/5,Total,China,31209.73698,1578182400
2020/1/6,Total,China,31417.53829,1578268800
2020/1/7,Total,China,31805.74221,1578355200
2020/1/8,Total,China,31560.92444,1578441600
2020/1/9,Total,China,31281.74107,1578528000
2020/1/10,Total,China,31879.04291,1578614400
2020/1/11,Total,China,32139.54833,1578700800
2020/1/12,Total,China,31529.03171,1578787200
2020/1/13,Total,China,31550.77972,1578873600
2020/1/14,Total,China,30378.14245,1578960000
2020/1/15,Total,China,30107.31601,1579046400
2020/1/16,Total,China,29881.49314,1579132800
2020/1/17,Total,China,29757.82022,1579219200
2020/1/18,Total,China,29022.8057,1579305600
2020/1/19,Total,China,27783.76225,1579392000
2020/1/20,Total,China,27481.77228,1579478400
2020/1/21,Total,China,25986.22667,1579564800
2020/1/22,Total,China,24658.63123,1579651200
2020/1/23,Total,China,23465.50259,1579737600
2020/1/24,Total,China,22157.84982,1579824000
2020/1/25,Total,China,21918.19407,1579910400
2020/1/26,Total,China,21615.78119,1579996800
2020/1/27,Total,China,21701.925,1580083200
2020/1/28,Total,China,21000.34672,1580169600
2020/1/29,Total,China,21045.43551,1580256000
2020/1/30,Total,China,20899.32955,1580342400
2020/1/31,Total,China,20360.5279,1580428800
2020/2/1,Total,China,21019.04653,1580515200
2020/2/2,Total,China,21125.66885,1580601600
2020/2/3,Total,China,21208.31693,1580688000
2020/2/4,Total,China,21117.70294,1580774400
2020/2/5,Total,China,21404.42076,1580860800
2020/2/6,Total,China,21495.35336,1580947200
2020/2/7,Total,China,21093.16027,1581033600
2020/2/8,Total,China,20974.19626,1581120000
2020/2/9,Total,China,20511.37665,1581206400
2020/2/10,Total,China,20344.88594,1581292800
2020/2/11,Total,China,19815.84969,1581379200
2020/2/12,Total,China,19851.80829,1581465600
2020/2/13,Total,China,19783.00256,1581552000
2020/2/14,Total,China,20692.75181,1581638400
2020/2/15,Total,China,21389.93881,1581724800
2020/2/16,Total,China,20961.57036,1581811200
2020/2/17,Total,China,21452.50581,1581897600
2020/2/18,Total,China,20756.20784,1581984000
2020/2/19,Total,China,20650.0628,1582070400
2020/2/20,Total,China,21013.89098,1582156800
2020/2/21,Total,China,21501.51351,1582243200
2020/2/22,Total,China,20993.436,1582329600
2020/2/23,Total,China,20127.68457,1582416000
2020/2/24,Total,China,21573.85265,1582502400
2020/2/25,Total,China,22232.38765,1582588800
2020/2/26,Total,China,22860.34531,1582675200
2020/2/27,Total,China,22270.08355,1582761600
2020/2/28,Total,China,22137.36297,1582848000
2020/2/29,Total,China,22768.5837,1582934400
2020/3/1,Total,China,23136.20163,1583020800
2020/3/2,Total,China,24672.84987,1583107200
2020/3/3,Total,China,25328.18226,1583193600
2020/3/4,Total,China,25827.10921,1583280000
2020/3/5,Total,China,24940.40551,1583366400
2020/3/6,Total,China,25787.27231,1583452800
2020/3/7,Total,China,24412.79082,1583539200
2020/3/8,Total,China,23916.77122,1583625600
2020/3/9,Total,China,26385.57433,1583712000
2020/3/10,Total,China,26154.56922,1583798400
2020/3/11,Total,China,25603.65936,1583884800
2020/3/12,Total,China,25342.41805,1583971200
2020/3/13,Total,China,26023.06353,1584057600
2020/3/14,Total,China,24733.28407,1584144000
2020/3/15,Total,China,24959.59442,1584230400
2020/3/16,Total,China,26034.13914,1584316800
2020/3/17,Total,China,25752.66702,1584403200
2020/3/18,Total,China,24455.8675,1584489600
2020/3/19,Total,China,25617.08627,1584576000
2020/3/20,Total,China,26009.53131,1584662400
2020/3/21,Total,China,25756.7232,1584748800
2020/3/22,Total,China,24928.16875,1584835200
2020/3/23,Total,China,26315.16249,1584921600
2020/3/24,Total,China,25895.95157,1585008000
2020/3/25,Total,China,25802.48157,1585094400
2020/3/26,Total,China,25870.64471,1585180800
2020/3/27,Total,China,25809.46633,1585267200
2020/3/28,Total,China,25541.209,1585353600
2020/3/29,Total,China,25828.3877,1585440000
2020/3/30,Total,China,25909.24629,1585526400
2020/3/31,Total,China,26772.65242,1585612800
2020/4/1,Total,China,28843.53662,1585699200
2020/4/2,Total,China,29833.53959,1585785600
2020/4/3,Total,China,29096.11048,1585872000
2020/4/4,Total,China,26925.71638,1585958400
2020/4/5,Total,China,26403.29541,1586044800
2020/4/6,Total,China,26923.50748,1586131200
2020/4/7,Total,China,28194.45381,1586217600
2020/4/8,Total,China,29022.52283,1586304000
2020/4/9,Total,China,29336.34563,1586390400
2020/4/10,Total,China,28871.09935,1586476800
2020/4/11,Total,China,28283.84429,1586563200
2020/4/12,Total,China,28049.26493,1586649600
2020/4/13,Total,China,28537.88446,1586736000
2020/4/14,Total,China,28143.35609,1586822400
2020/4/15,Total,China,27210.77958,1586908800
2020/4/16,Total,China,25978.79769,1586995200
2020/4/17,Total,China,26989.2133,1587081600
2020/4/18,Total,China,27914.09197,1587168000
2020/4/19,Total,China,26698.47505,1587254400
2020/4/20,Total,China,26804.61802,1587340800
2020/4/21,Total,China,28197.62593,1587427200
2020/4/22,Total,China,28280.06991,1587513600
2020/4/23,Total,China,27935.39435,1587600000
2020/4/24,Total,China,27538.40269,1587686400
2020/4/25,Total,China,27173.62621,1587772800
2020/4/26,Total,China,27515.18268,1587859200
2020/4/27,Total,China,28294.2549,1587945600
2020/4/28,Total,China,28123.20456,1588032000
2020/4/29,Total,China,28281.68932,1588118400
2020/4/30,Total,China,27650.85953,1588204800
2020/5/1,Total,China,25533.99546,1588291200
2020/5/2,Total,China,24291.08489,1588377600
2020/5/3,Total,China,25768.76148,1588464000
2020/5/4,Total,China,28410.51308,1588550400
2020/5/5,Total,China,28502.46602,1588636800
2020/5/6,Total,China,29266.75198,1588723200
2020/5/7,Total,China,29738.75963,1588809600
2020/5/8,Total,China,29957.64068,1588896000
2020/5/9,Total,China,29710.38061,1588982400
2020/5/10,Total,China,28401.11395,1589068800
2020/5/11,Total,China,27899.03512,1589155200
2020/5/12,Total,China,28215.93508,1589241600
2020/5/13,Total,China,27984.83787,1589328000
2020/5/14,Total,China,27960.24248,1589414400
2020/5/15,Total,China,28820.47842,1589500800
2020/5/16,Total,China,28854.03999,1589587200
2020/5/17,Total,China,28292.84625,1589673600
2020/5/18,Total,China,28081.51991,1589760000
2020/5/19,Total,China,28470.38185,1589846400
2020/5/20,Total,China,28624.39254,1589932800
2020/5/21,Total,China,28784.20405,1590019200
2020/5/22,Total,China,28565.26684,1590105600
2020/5/23,Total,China,28231.50687,1590192000
2020/5/24,Total,China,28542.99328,1590278400
2020/5/25,Total,China,28650.19744,1590364800
2020/5/26,Total,China,29348.42957,1590451200
2020/5/27,Total,China,29755.6039,1590537600
2020/5/28,Total,China,28274.15311,1590624000
2020/5/29,Total,China,28098.0204,1590710400
2020/5/30,Total,China,27722.27465,1590796800
2020/5/31,Total,China,26893.70066,1590883200
2020/6/1,Total,China,26271.89187,1590969600
2020/6/2,Total,China,26839.83074,1591056000
2020/6/3,Total,China,27660.8343,1591142400
2020/6/4,Total,China,28309.31841,1591228800
2020/6/5,Total,China,29527.54673,1591315200
2020/6/6,Total,China,29486.41157,1591401600
2020/6/7,Total,China,29144.6213,1591488000
2020/6/8,Total,China,29153.95021,1591574400
2020/6/9,Total,China,29963.90113,1591660800
2020/6/10,Total,China,30373.82332,1591747200
2020/6/11,Total,China,30558.28433,1591833600
2020/6/12,Total,China,30452.9827,1591920000
2020/6/13,Total,China,30347.72529,1592006400
2020/6/14,Total,China,29721.4291,1592092800
2020/6/15,Total,China,30743.10325,1592179200
2020/6/16,Total,China,30500.79458,1592265600
2020/6/17,Total,China,30383.66877,1592352000
2020/6/18,Total,China,30183.58409,1592438400
2020/6/19,Total,China,29671.54671,1592524800
2020/6/20,Total,China,28417.35585,1592611200
2020/6/21,Total,China,28583.40197,1592697600
2020/6/22,Total,China,28714.03345,1592784000
2020/6/23,Total,China,29044.37202,1592870400
2020/6/24,Total,China,28597.65727,1592956800
2020/6/25,Total,China,27920.33872,1593043200
2020/6/26,Total,China,27444.346,1593129600
2020/6/27,Total,China,28982.4866,1593216000
2020/6/28,Total,China,29801.55154,1593302400
2020/6/29,Total,China,29378.0127,1593388800
2020/6/30,Total,China,30310.7879,1593475200
2020/7/1,Total,China,29343.18097,1593561600
2020/7/2,Total,China,28994.90192,1593648000
2020/7/3,Total,China,28847.58487,1593734400
2020/7/4,Total,China,27672.61628,1593820800
2020/7/5,Total,China,27287.00976,1593907200
2020/7/6,Total,China,28326.44245,1593993600
2020/7/7,Total,China,29551.3965,1594080000
2020/7/8,Total,China,29496.64461,1594166400
2020/7/9,Total,China,29614.69819,1594252800
2020/7/10,Total,China,29283.33557,1594339200
2020/7/11,Total,China,29027.21687,1594425600
2020/7/12,Total,China,28167.76286,1594512000
2020/7/13,Total,China,28882.98405,1594598400
2020/7/14,Total,China,29637.6138,1594684800
2020/7/15,Total,China,29768.19549,1594771200
2020/7/16,Total,China,29038.25774,1594857600
2020/7/17,Total,China,28678.56668,1594944000
2020/7/18,Total,China,27945.75967,1595030400
2020/7/19,Total,China,28119.2274,1595116800
2020/7/20,Total,China,27969.26513,1595203200
2020/7/21,Total,China,28663.28081,1595289600
2020/7/22,Total,China,29147.48066,1595376000
2020/7/23,Total,China,29312.37059,1595462400
2020/7/24,Total,China,29357.2342,1595548800
2020/7/25,Total,China,29149.7673,1595635200
2020/7/26,Total,China,28183.07248,1595721600
2020/7/27,Total,China,28868.59809,1595808000
2020/7/28,Total,China,29416.55992,1595894400
2020/7/29,Total,China,30512.74299,1595980800
2020/7/30,Total,China,30650.82873,1596067200
2020/7/31,Total,China,31110.43033,1596153600
2020/8/1,Total,China,30694.4314,1596240000
2020/8/2,Total,China,30352.42321,1596326400
2020/8/3,Total,China,31594.50997,1596412800
2020/8/4,Total,China,32533.92703,1596499200
2020/8/5,Total,China,32117.90133,1596585600
2020/8/6,Total,China,32062.5853,1596672000
2020/8/7,Total,China,31828.14899,1596758400
2020/8/8,Total,China,31505.17556,1596844800
2020/8/9,Total,China,31256.66902,1596931200
2020/8/10,Total,China,31649.27241,1597017600
2020/8/11,Total,China,31947.41674,1597104000
2020/8/12,Total,China,32358.09585,1597190400
2020/8/13,Total,China,31991.9543,1597276800
2020/8/14,Total,China,32398.07046,1597363200
2020/8/15,Total,China,31915.7615,1597449600
2020/8/16,Total,China,31871.6165,1597536000
2020/8/17,Total,China,31389.29583,1597622400
2020/8/18,Total,China,31709.33948,1597708800
2020/8/19,Total,China,31604.40382,1597795200
2020/8/20,Total,China,31406.76105,1597881600
2020/8/21,Total,China,30233.94097,1597968000
2020/8/22,Total,China,29822.1797,1598054400
2020/8/23,Total,China,29958.9488,1598140800
2020/8/24,Total,China,30075.7952,1598227200
2020/8/25,Total,China,30438.8678,1598313600
2020/8/26,Total,China,30931.79495,1598400000
2020/8/27,Total,China,30113.94641,1598486400
2020/8/28,Total,China,29513.59832,1598572800
2020/8/29,Total,China,29479.60562,1598659200
2020/8/30,Total,China,29308.04257,1598745600
2020/8/31,Total,China,29305.59441,1598832000
2020/9/1,Total,China,33394.36174,1598918400
2020/9/2,Total,China,33342.11241,1599004800
2020/9/3,Total,China,32802.61173,1599091200
2020/9/4,Total,China,31330.2977,1599177600
2020/9/5,Total,China,30755.15086,1599264000
2020/9/6,Total,China,30683.87276,1599350400
2020/9/7,Total,China,30542.06293,1599436800
2020/9/8,Total,China,31316.2963,1599523200
2020/9/9,Total,China,31033.37099,1599609600
2020/9/10,Total,China,31464.66417,1599696000
2020/9/11,Total,China,30121.09334,1599782400
2020/9/12,Total,China,29527.17497,1599868800
2020/9/13,Total,China,29024.48714,1599955200
2020/9/14,Total,China,29206.88827,1600041600
2020/9/15,Total,China,29784.22006,1600128000
2020/9/16,Total,China,28904.45946,1600214400
2020/9/17,Total,China,29056.77238,1600300800
2020/9/18,Total,China,28088.98492,1600387200
2020/9/19,Total,China,27229.03918,1600473600
2020/9/20,Total,China,27086.8883,1600560000
2020/9/21,Total,China,27151.75446,1600646400
2020/9/22,Total,China,27610.35453,1600732800
2020/9/23,Total,China,28339.92534,1600819200
2020/9/24,Total,China,27908.51658,1600905600
2020/9/25,Total,China,27768.0682,1600992000
2020/9/26,Total,China,27432.74804,1601078400
2020/9/27,Total,China,27418.03237,1601164800
2020/9/28,Total,China,27016.43043,1601251200
2020/9/29,Total,China,27413.98109,1601337600
2020/9/30,Total,China,27864.84709,1601424000
2020/10/1,Total,China,25846.71214,1601510400
2020/10/2,Total,China,24592.02407,1601596800
2020/10/3,Total,China,24496.57508,1601683200
2020/10/4,Total,China,25641.51378,1601769600
2020/10/5,Total,China,25858.18775,1601856000
2020/10/6,Total,China,26287.76271,1601942400
2020/10/7,Total,China,26743.99512,1602028800
2020/10/8,Total,China,26620.22389,1602115200
2020/10/9,Total,China,26302.81702,1602201600
2020/10/10,Total,China,27042.33835,1602288000
2020/10/11,Total,China,27387.51679,1602374400
2020/10/12,Total,China,27302.38627,1602460800
2020/10/13,Total,China,27756.05318,1602547200
2020/10/14,Total,China,28742.65583,1602633600
2020/10/15,Total,China,28535.84822,1602720000
2020/10/16,Total,China,30040.05803,1602806400
2020/10/17,Total,China,29340.23903,1602892800
2020/10/18,Total,China,28747.432,1602979200
2020/10/19,Total,China,29127.62512,1603065600
2020/10/20,Total,China,29036.15539,1603152000
2020/10/21,Total,China,29452.85448,1603238400
2020/10/22,Total,China,29728.10891,1603324800
2020/10/23,Total,China,29839.02823,1603411200
2020/10/24,Total,China,29315.259,1603497600
2020/10/25,Total,China,29604.67068,1603584000
2020/10/26,Total,China,29836.01112,1603670400
2020/10/27,Total,China,29813.58721,1603756800
2020/10/28,Total,China,30875.14478,1603843200
2020/10/29,Total,China,31376.16096,1603929600
2020/10/30,Total,China,32264.69771,1604016000
2020/10/31,Total,China,31118.64984,1604102400
2020/11/1,Total,China,28690.23309,1604188800
2020/11/2,Total,China,29419.37784,1604275200
2020/11/3,Total,China,29484.81927,1604361600
2020/11/4,Total,China,29244.05226,1604448000
2020/11/5,Total,China,29671.22786,1604534400
2020/11/6,Total,China,29727.67863,1604620800
2020/11/7,Total,China,29573.24626,1604707200
2020/11/8,Total,China,29792.77725,1604793600
2020/11/9,Total,China,29822.69543,1604880000
2020/11/10,Total,China,30266.16072,1604966400
2020/11/11,Total,China,30414.29989,1605052800
2020/11/12,Total,China,30379.21488,1605139200
2020/11/13,Total,China,31387.06263,1605225600
2020/11/14,Total,China,31256.34649,1605312000
2020/11/15,Total,China,31042.15721,1605398400
2020/11/16,Total,China,30817.85951,1605484800
2020/11/17,Total,China,30951.4501,1605571200
2020/11/18,Total,China,31748.17641,1605657600
2020/11/19,Total,China,31913.58402,1605744000
2020/11/20,Total,China,33102.08548,1605830400
2020/11/21,Total,China,33876.9071,1605916800
2020/11/22,Total,China,34745.48042,1606003200
2020/11/23,Total,China,34476.34754,1606089600
2020/11/24,Total,China,35498.8667,1606176000
2020/11/25,Total,China,36360.07335,1606262400
2020/11/26,Total,China,36827.11277,1606348800
2020/11/27,Total,China,37301.43916,1606435200
2020/11/28,Total,China,37134.18483,1606521600
2020/11/29,Total,China,37681.90293,1606608000
2020/11/30,Total,China,37321.99291,1606694400
2020/12/1,Total,China,35284.3422,1606780800
2020/12/2,Total,China,35703.55609,1606867200
2020/12/3,Total,China,36355.05501,1606953600
2020/12/4,Total,China,36552.06547,1607040000
2020/12/5,Total,China,36565.62809,1607126400
2020/12/6,Total,China,36086.61033,1607212800
2020/12/7,Total,China,37078.63853,1607299200
2020/12/8,Total,China,36685.16749,1607385600
2020/12/9,Total,China,36818.87584,1607472000
2020/12/10,Total,China,36110.02281,1607558400
2020/12/11,Total,China,37192.4437,1607644800
2020/12/12,Total,China,37051.08609,1607731200
2020/12/13,Total,China,37237.88674,1607817600
2020/12/14,Total,China,38497.02806,1607904000
2020/12/15,Total,China,39095.24124,1607990400
2020/12/16,Total,China,38426.22843,1608076800
2020/12/17,Total,China,38220.46285,1608163200
2020/12/18,Total,China,38148.97039,1608249600
2020/12/19,Total,China,38009.21883,1608336000
2020/12/20,Total,China,38013.05462,1608422400
2020/12/21,Total,China,38258.15562,1608508800
2020/12/22,Total,China,37950.46184,1608595200
2020/12/23,Total,China,37691.64102,1608681600
2020/12/24,Total,China,37866.05239,1608768000
2020/12/25,Total,China,37583.95534,1608854400
2020/12/26,Total,China,37063.89267,1608940800
2020/12/27,Total,China,37178.8763,1609027200
2020/12/28,Total,China,38125.2308,1609113600
2020/12/29,Total,China,38904.72005,1609200000
2020/12/30,Total,China,39545.6865,1609286400
2020/12/31,Total,China,39061.6521,1609372800
2021/1/1,Total,China,35363.66806,1609459200
2021/1/2,Total,China,34191.20211,1609545600
2021/1/3,Total,China,34962.99613,1609632000
2021/1/4,Total,China,35493.5392,1609718400
2021/1/5,Total,China,35864.30013,1609804800
2021/1/6,Total,China,36706.80217,1609891200
2021/1/7,Total,China,37942.12372,1609977600
2021/1/8,Total,China,37747.6457,1610064000
2021/1/9,Total,China,36986.02213,1610150400
2021/1/10,Total,China,36875.71272,1610236800
2021/1/11,Total,China,36955.36372,1610323200
2021/1/12,Total,China,36126.07463,1610409600
2021/1/13,Total,China,36140.60207,1610496000
2021/1/14,Total,China,35416.93115,1610582400
2021/1/15,Total,China,34962.31933,1610668800
2021/1/16,Total,China,34982.49608,1610755200
2021/1/17,Total,China,34804.10186,1610841600
2021/1/18,Total,China,34216.47872,1610928000
2021/1/19,Total,China,34100.5755,1611014400
2021/1/20,Total,China,33666.95549,1611100800
2021/1/21,Total,China,33736.21004,1611187200
2021/1/22,Total,China,33408.57772,1611273600
2021/1/23,Total,China,33341.58678,1611360000
2021/1/24,Total,China,33103.35448,1611446400
2021/1/25,Total,China,33106.45999,1611532800
2021/1/26,Total,China,32979.8775,1611619200
2021/1/27,Total,China,33017.233,1611705600
2021/1/28,Total,China,33323.3275,1611792000
2021/1/29,Total,China,32673.23033,1611878400
2021/1/30,Total,China,32020.95262,1611964800
2021/1/31,Total,China,31857.35386,1612051200
2021/2/1,Total,China,29647.32202,1612137600
2021/2/2,Total,China,29518.05355,1612224000
2021/2/3,Total,China,29176.61493,1612310400
2021/2/4,Total,China,28592.7597,1612396800
2021/2/5,Total,China,27671.68956,1612483200
2021/2/6,Total,China,27075.87396,1612569600
2021/2/7,Total,China,26853.44016,1612656000
2021/2/8,Total,China,26610.92139,1612742400
2021/2/9,Total,China,26318.20078,1612828800
2021/2/10,Total,China,25621.5025,1612915200
2021/2/11,Total,China,24763.0272,1613001600
2021/2/12,Total,China,23203.36094,1613088000
2021/2/13,Total,China,22978.72581,1613174400
2021/2/14,Total,China,23123.897,1613260800
2021/2/15,Total,China,23212.99814,1613347200
2021/2/16,Total,China,23048.75794,1613433600
2021/2/17,Total,China,22926.00756,1613520000
2021/2/18,Total,China,22706.75971,1613606400
2021/2/19,Total,China,23266.64524,1613692800
2021/2/20,Total,China,23453.70282,1613779200
2021/2/21,Total,China,23413.37596,1613865600
2021/2/22,Total,China,24165.79357,1613952000
2021/2/23,Total,China,25135.47166,1614038400
2021/2/24,Total,China,25568.4389,1614124800
2021/2/25,Total,China,26324.89269,1614211200
2021/2/26,Total,China,26671.44812,1614297600
2021/2/27,Total,China,26845.15638,1614384000
2021/2/28,Total,China,27106.05394,1614470400
2021/3/1,Total,China,31661.97663,1614556800
2021/3/2,Total,China,32360.2479,1614643200
2021/3/3,Total,China,32146.25957,1614729600
2021/3/4,Total,China,32266.96289,1614816000
2021/3/5,Total,China,33014.87557,1614902400
2021/3/6,Total,China,34008.78496,1614988800
2021/3/7,Total,China,33630.91803,1615075200
2021/3/8,Total,China,33459.19006,1615161600
2021/3/9,Total,China,33480.46105,1615248000
2021/3/10,Total,China,33222.55211,1615334400
2021/3/11,Total,China,33268.45314,1615420800
2021/3/12,Total,China,32796.27705,1615507200
2021/3/13,Total,China,31709.24059,1615593600
2021/3/14,Total,China,31337.22943,1615680000
2021/3/15,Total,China,31207.74191,1615766400
2021/3/16,Total,China,31436.69305,1615852800
2021/3/17,Total,China,31192.97039,1615939200
2021/3/18,Total,China,31899.4089,1616025600
2021/3/19,Total,China,31518.29273,1616112000
2021/3/20,Total,China,31587.56495,1616198400
2021/3/21,Total,China,31665.90102,1616284800
2021/3/22,Total,China,31055.86806,1616371200
2021/3/23,Total,China,30896.35436,1616457600
2021/3/24,Total,China,31009.26548,1616544000
2021/3/25,Total,China,30856.77912,1616630400
2021/3/26,Total,China,30196.21142,1616716800
2021/3/27,Total,China,30024.94496,1616803200
2021/3/28,Total,China,30073.98718,1616889600
2021/3/29,Total,China,29871.85533,1616976000
2021/3/30,Total,China,30141.78544,1617062400
2021/3/31,Total,China,30372.55551,1617148800
2021/4/1,Total,China,33519.81992,1617235200
2021/4/2,Total,China,33535.66462,1617321600
2021/4/3,Total,China,33415.48767,1617408000
2021/4/4,Total,China,33379.73506,1617494400
2021/4/5,Total,China,33040.8374,1617580800
2021/4/6,Total,China,33299.02605,1617667200
2021/4/7,Total,China,33433.88776,1617753600
2021/4/8,Total,China,33071.39026,1617840000
2021/4/9,Total,China,31624.38588,1617926400
2021/4/10,Total,China,31522.22046,1618012800
2021/4/11,Total,China,31247.81809,1618099200
2021/4/12,Total,China,31628.49165,1618185600
2021/4/13,Total,China,31470.93126,1618272000
2021/4/14,Total,China,31424.93459,1618358400
2021/4/15,Total,China,31166.71955,1618444800
2021/4/16,Total,China,30420.89998,1618531200
2021/4/17,Total,China,30738.93668,1618617600
2021/4/18,Total,China,30173.32884,1618704000
2021/4/19,Total,China,30046.66294,1618790400
2021/4/20,Total,China,30144.08557,1618876800
2021/4/21,Total,China,29903.88904,1618963200
2021/4/22,Total,China,30158.1154,1619049600
2021/4/23,Total,China,30193.68245,1619136000
2021/4/24,Total,China,30275.48412,1619222400
2021/4/25,Total,China,30483.86796,1619308800
2021/4/26,Total,China,29992.39507,1619395200
2021/4/27,Total,China,29841.0641,1619481600
2021/4/28,Total,China,30038.02156,1619568000
2021/4/29,Total,China,30175.83746,1619654400
2021/4/30,Total,China,30262.35187,1619740800
2021/5/1,Total,China,28689.50555,1619827200
2021/5/2,Total,China,27726.2127,1619913600
2021/5/3,Total,China,28018.96323,1620000000
2021/5/4,Total,China,29123.48251,1620086400
2021/5/5,Total,China,28783.18159,1620172800
2021/5/6,Total,China,28595.42903,1620259200
2021/5/7,Total,China,29723.29335,1620345600
2021/5/8,Total,China,30011.65633,1620432000
2021/5/9,Total,China,30120.21633,1620518400
2021/5/10,Total,China,30585.56431,1620604800
2021/5/11,Total,China,30895.5691,1620691200
2021/5/12,Total,China,30737.54006,1620777600
2021/5/13,Total,China,30496.90909,1620864000
2021/5/14,Total,China,30605.22531,1620950400
2021/5/15,Total,China,30681.05449,1621036800
2021/5/16,Total,China,30418.63855,1621123200
2021/5/17,Total,China,30833.73099,1621209600
2021/5/18,Total,China,30623.82987,1621296000
2021/5/19,Total,China,30989.64978,1621382400
2021/5/20,Total,China,30815.83855,1621468800
2021/5/21,Total,China,30405.78917,1621555200
2021/5/22,Total,China,30238.5511,1621641600
2021/5/23,Total,China,30171.73524,1621728000
2021/5/24,Total,China,30536.75864,1621814400
2021/5/25,Total,China,30122.51506,1621900800
2021/5/26,Total,China,30229.45453,1621987200
2021/5/27,Total,China,30296.68835,1622073600
2021/5/28,Total,China,30654.83517,1622160000
2021/5/29,Total,China,31101.05013,1622246400
2021/5/30,Total,China,31155.25106,1622332800
2021/5/31,Total,China,31509.18297,1622419200
2021/6/1,Total,China,29849.29078,1622505600
2021/6/2,Total,China,29205.00015,1622592000
2021/6/3,Total,China,29414.69411,1622678400
2021/6/4,Total,China,29782.69073,1622764800
2021/6/5,Total,China,29915.99054,1622851200
2021/6/6,Total,China,30179.70763,1622937600
2021/6/7,Total,China,30316.58694,1623024000
2021/6/8,Total,China,30496.34492,1623110400
2021/6/9,Total,China,30840.28109,1623196800
2021/6/10,Total,China,31486.32214,1623283200
2021/6/11,Total,China,31624.89451,1623369600
2021/6/12,Total,China,31451.81335,1623456000
2021/6/13,Total,China,30726.96645,1623542400
2021/6/14,Total,China,30706.88071,1623628800
2021/6/15,Total,China,31826.56426,1623715200
2021/6/16,Total,China,32120.6987,1623801600
2021/6/17,Total,China,32202.4382,1623888000
2021/6/18,Total,China,32431.02452,1623974400
2021/6/19,Total,China,32242.23033,1624060800
2021/6/20,Total,China,32221.88408,1624147200
2021/6/21,Total,China,32511.93427,1624233600
2021/6/22,Total,China,32219.66737,1624320000
2021/6/23,Total,China,31661.26438,1624406400
2021/6/24,Total,China,31899.12893,1624492800
2021/6/25,Total,China,31812.52558,1624579200
2021/6/26,Total,China,31852.90878,1624665600
2021/6/27,Total,China,31730.3895,1624752000
2021/6/28,Total,China,32272.92412,1624838400
2021/6/29,Total,China,31744.87517,1624924800
2021/6/30,Total,China,32182.71959,1625011200
2021/7/1,Total,China,28794.81115,1625097600
2021/7/2,Total,China,28911.83491,1625184000
2021/7/3,Total,China,29077.0813,1625270400
2021/7/4,Total,China,29443.49703,1625356800
2021/7/5,Total,China,29968.29366,1625443200
2021/7/6,Total,China,30382.01321,1625529600
2021/7/7,Total,China,30967.55832,1625616000
2021/7/8,Total,China,31493.53709,1625702400
2021/7/9,Total,China,31967.85594,1625788800
2021/7/10,Total,China,32027.00178,1625875200
2021/7/11,Total,China,32045.23021,1625961600
2021/7/12,Total,China,32274.2404,1626048000
2021/7/13,Total,China,32503.21436,1626134400
2021/7/14,Total,China,32503.81172,1626220800
2021/7/15,Total,China,32774.14371,1626307200
2021/7/16,Total,China,32098.50785,1626393600
2021/7/17,Total,China,30881.44219,1626480000
2021/7/18,Total,China,30201.43692,1626566400
2021/7/19,Total,China,30525.42006,1626652800
2021/7/20,Total,China,29947.66084,1626739200
2021/7/21,Total,China,29439.7616,1626825600
2021/7/22,Total,China,29180.02369,1626912000
2021/7/23,Total,China,29581.71691,1626998400
2021/7/24,Total,China,29811.19428,1627084800
2021/7/25,Total,China,29747.65982,1627171200
2021/7/26,Total,China,30602.70729,1627257600
2021/7/27,Total,China,31086.13343,1627344000
2021/7/28,Total,China,31363.60287,1627430400
2021/7/29,Total,China,31375.76574,1627516800
2021/7/30,Total,China,30798.8967,1627603200
2021/7/31,Total,China,30700.57995,1627689600
2021/8/1,Total,China,31361.59644,1627776000
2021/8/2,Total,China,31818.75759,1627862400
2021/8/3,Total,China,32435.93136,1627948800
2021/8/4,Total,China,33142.25565,1628035200
2021/8/5,Total,China,32713.01672,1628121600
2021/8/6,Total,China,32859.15029,1628208000
2021/8/7,Total,China,32865.20638,1628294400
2021/8/8,Total,China,32414.94689,1628380800
2021/8/9,Total,China,32857.47403,1628467200
2021/8/10,Total,China,32891.94332,1628553600
2021/8/11,Total,China,32296.67701,1628640000
2021/8/12,Total,China,31717.73438,1628726400
2021/8/13,Total,China,31841.60092,1628812800
2021/8/14,Total,China,30458.90451,1628899200
2021/8/15,Total,China,29385.24711,1628985600
2021/8/16,Total,China,29746.0543,1629072000
2021/8/17,Total,China,30198.56441,1629158400
2021/8/18,Total,China,30309.90081,1629244800
2021/8/19,Total,China,30039.6726,1629331200
2021/8/20,Total,China,29676.89271,1629417600
2021/8/21,Total,China,29421.84881,1629504000
2021/8/22,Total,China,29368.19496,1629590400
2021/8/23,Total,China,29354.19171,1629676800
2021/8/24,Total,China,29406.75327,1629763200
2021/8/25,Total,China,29220.35305,1629849600
2021/8/26,Total,China,28380.64702,1629936000
2021/8/27,Total,China,28341.28743,1630022400
2021/8/28,Total,China,28218.21167,1630108800
2021/8/29,Total,China,27948.7103,1630195200
2021/8/30,Total,China,27981.81427,1630281600
2021/8/31,Total,China,29582.02964,1630368000
2021/9/1,Total,China,31121.68671,1630454400
2021/9/2,Total,China,31426.19635,1630540800
2021/9/3,Total,China,31522.18872,1630627200
2021/9/4,Total,China,31057.67956,1630713600
2021/9/5,Total,China,30504.99141,1630800000
2021/9/6,Total,China,30514.80033,1630886400
2021/9/7,Total,China,29730.46345,1630972800
2021/9/8,Total,China,29236.01829,1631059200
2021/9/9,Total,China,29236.52514,1631145600
2021/9/10,Total,China,29978.01652,1631232000
2021/9/11,Total,China,30016.99749,1631318400
2021/9/12,Total,China,29248.00089,1631404800
2021/9/13,Total,China,27912.05474,1631491200
2021/9/14,Total,China,29205.38195,1631577600
2021/9/15,Total,China,28966.52037,1631664000
2021/9/16,Total,China,29288.22883,1631750400
2021/9/17,Total,China,28977.5981,1631836800
2021/9/18,Total,China,29183.06356,1631923200
2021/9/19,Total,China,29260.76813,1632009600
2021/9/20,Total,China,28784.75604,1632096000
2021/9/21,Total,China,26796.17242,1632182400
2021/9/22,Total,China,27104.08291,1632268800
2021/9/23,Total,China,27726.54106,1632355200
2021/9/24,Total,China,28612.69741,1632441600
2021/9/25,Total,China,28313.28653,1632528000
2021/9/26,Total,China,27937.89005,1632614400
2021/9/27,Total,China,28056.9824,1632700800
2021/9/28,Total,China,28107.39549,1632787200
2021/9/29,Total,China,28205.61415,1632873600
2021/9/30,Total,China,27860.06753,1632960000
2021/10/1,Total,China,27276.63495,1633046400
2021/10/2,Total,China,26820.77838,1633132800
2021/10/3,Total,China,26463.07386,1633219200
2021/10/4,Total,China,26692.01218,1633305600
2021/10/5,Total,China,27371.31721,1633392000
2021/10/6,Total,China,27710.77469,1633478400
2021/10/7,Total,China,27948.95547,1633564800
2021/10/8,Total,China,27219.54402,1633651200
2021/10/9,Total,China,27034.30609,1633737600
2021/10/10,Total,China,26872.91233,1633824000
2021/10/11,Total,China,26906.56619,1633910400
2021/10/12,Total,China,26502.73226,1633996800
2021/10/13,Total,China,26655.95628,1634083200
2021/10/14,Total,China,27052.66158,1634169600
2021/10/15,Total,China,27555.1894,1634256000
2021/10/16,Total,China,27726.13799,1634342400
2021/10/17,Total,China,27316.00553,1634428800
2021/10/18,Total,China,27082.60924,1634515200
2021/10/19,Total,China,27255.55052,1634601600
2021/10/20,Total,China,28295.79676,1634688000
2021/10/21,Total,China,28635.96616,1634774400
2021/10/22,Total,China,28295.0468,1634860800
2021/10/23,Total,China,28006.67151,1634947200
2021/10/24,Total,China,27908.81682,1635033600
2021/10/25,Total,China,27595.75728,1635120000
2021/10/26,Total,China,27668.17224,1635206400
2021/10/27,Total,China,27999.33214,1635292800
2021/10/28,Total,China,28538.62564,1635379200
2021/10/29,Total,China,28492.50685,1635465600
2021/10/30,Total,China,28492.15034,1635552000
2021/10/31,Total,China,28769.79891,1635638400
2021/11/1,Total,China,29040.34499,1635724800
2021/11/2,Total,China,29404.24196,1635811200
2021/11/3,Total,China,29180.94444,1635897600
2021/11/4,Total,China,28902.71389,1635984000
2021/11/5,Total,China,28673.3458,1636070400
2021/11/6,Total,China,29079.15229,1636156800
2021/11/7,Total,China,30034.11936,1636243200
2021/11/8,Total,China,29603.34595,1636329600
2021/11/9,Total,China,29429.93435,1636416000
2021/11/10,Total,China,29188.07974,1636502400
2021/11/11,Total,China,29524.00279,1636588800
2021/11/12,Total,China,29719.5054,1636675200
2021/11/13,Total,China,29807.70746,1636761600
2021/11/14,Total,China,29769.92075,1636848000
2021/11/15,Total,China,30123.48175,1636934400
2021/11/16,Total,China,30157.00898,1637020800
2021/11/17,Total,China,30136.38544,1637107200
2021/11/18,Total,China,29811.92997,1637193600
2021/11/19,Total,China,30276.79235,1637280000
2021/11/20,Total,China,30911.03111,1637366400
2021/11/21,Total,China,31375.22391,1637452800
2021/11/22,Total,China,31396.66585,1637539200
2021/11/23,Total,China,31605.12688,1637625600
2021/11/24,Total,China,31556.45405,1637712000
2021/11/25,Total,China,32355.27943,1637798400
2021/11/26,Total,China,32297.05273,1637884800
2021/11/27,Total,China,31923.92479,1637971200
2021/11/28,Total,China,30941.84164,1638057600
2021/11/29,Total,China,31408.37102,1638144000
2021/11/30,Total,China,32030.8172,1638230400
2021/12/1,Total,China,31491.77526,1638316800
2021/12/2,Total,China,31224.12072,1638403200
2021/12/3,Total,China,31065.13261,1638489600
2021/12/4,Total,China,31350.61171,1638576000
2021/12/5,Total,China,31594.21975,1638662400
2021/12/6,Total,China,31404.68725,1638748800
2021/12/7,Total,China,32165.68355,1638835200
2021/12/8,Total,China,32721.62751,1638921600
2021/12/9,Total,China,32918.11394,1639008000
2021/12/10,Total,China,32772.39593,1639094400
2021/12/11,Total,China,33095.79278,1639180800
2021/12/12,Total,China,33157.52406,1639267200
2021/12/13,Total,China,33267.85915,1639353600
2021/12/14,Total,China,32974.43752,1639440000
2021/12/15,Total,China,33388.56427,1639526400
2021/12/16,Total,China,33960.42814,1639612800
2021/12/17,Total,China,34418.98034,1639699200
2021/12/18,Total,China,34324.34852,1639785600
2021/12/19,Total,China,33484.27377,1639872000
2021/12/20,Total,China,33349.04659,1639958400
2021/12/21,Total,China,33499.37502,1640044800
2021/12/22,Total,China,34589.26234,1640131200
2021/12/23,Total,China,35101.64708,1640217600
2021/12/24,Total,China,35625.52102,1640304000
2021/12/25,Total,China,36091.31464,1640390400
2021/12/26,Total,China,36682.49538,1640476800
2021/12/27,Total,China,36526.20647,1640563200
2021/12/28,Total,China,36813.6362,1640649600
2021/12/29,Total,China,36730.57516,1640736000
2021/12/30,Total,China,36244.93538,1640822400
2021/12/31,Total,China,36474.23738,1640908800
2022/1/1,Total,China,35145.621,1640995200
2022/1/2,Total,China,34866.80322,1641081600
2022/1/3,Total,China,34978.70021,1641168000
2022/1/4,Total,China,35489.95052,1641254400
2022/1/5,Total,China,35806.2666,1641340800
2022/1/6,Total,China,36091.27316,1641427200
2022/1/7,Total,China,36167.88267,1641513600
2022/1/8,Total,China,35940.92487,1641600000
2022/1/9,Total,China,35638.98287,1641686400
2022/1/10,Total,China,36333.8342,1641772800
2022/1/11,Total,China,36065.7424,1641859200
2022/1/12,Total,China,36144.34825,1641945600
2022/1/13,Total,China,35940.47612,1642032000
2022/1/14,Total,China,35629.01973,1642118400
2022/1/15,Total,China,34957.49981,1642204800
2022/1/16,Total,China,35137.38438,1642291200
2022/1/17,Total,China,35176.35403,1642377600
2022/1/18,Total,China,35229.29936,1642464000
2022/1/19,Total,China,35145.1679,1642550400
2022/1/20,Total,China,35190.57325,1642636800
2022/1/21,Total,China,35070.87779,1642723200
2022/1/22,Total,China,34891.92475,1642809600
2022/1/23,Total,China,34628.0909,1642896000
2022/1/24,Total,China,34361.9723,1642982400
2022/1/25,Total,China,34286.66666,1643068800
2022/1/26,Total,China,33494.82705,1643155200
2022/1/27,Total,China,32849.21514,1643241600
2022/1/28,Total,China,31766.73116,1643328000
2022/1/29,Total,China,30777.57295,1643414400
2022/1/30,Total,China,29604.74206,1643500800
2022/1/31,Total,China,29365.63709,1643587200
2022/2/1,Total,China,24718.90624,1643673600
2022/2/2,Total,China,24648.30351,1643760000
2022/2/3,Total,China,24650.86826,1643846400
2022/2/4,Total,China,24396.01844,1643932800
2022/2/5,Total,China,24186.6872,1644019200
2022/2/6,Total,China,24477.83456,1644105600
2022/2/7,Total,China,25117.42054,1644192000
2022/2/8,Total,China,25888.33386,1644278400
2022/2/9,Total,China,26085.57077,1644364800
2022/2/10,Total,China,25860.32237,1644451200
2022/2/11,Total,China,26098.66091,1644537600
2022/2/12,Total,China,26582.32794,1644624000
2022/2/13,Total,China,26699.10521,1644710400
2022/2/14,Total,China,26680.75767,1644796800
2022/2/15,Total,China,26785.77565,1644883200
2022/2/16,Total,China,27124.27671,1644969600
2022/2/17,Total,China,27849.63507,1645056000
2022/2/18,Total,China,28465.92176,1645142400
2022/2/19,Total,China,29014.53452,1645228800
2022/2/20,Total,China,28726.91349,1645315200
2022/2/21,Total,China,29280.22081,1645401600
2022/2/22,Total,China,29679.39892,1645488000
2022/2/23,Total,China,29741.91658,1645574400
2022/2/24,Total,China,28992.90478,1645660800
2022/2/25,Total,China,27839.33501,1645747200
2022/2/26,Total,China,27248.60594,1645833600
2022/2/27,Total,China,26039.80362,1645920000
2022/2/28,Total,China,26049.30857,1646006400
2022/3/1,Total,China,30964.49966,1646092800
2022/3/2,Total,China,30836.30158,1646179200
2022/3/3,Total,China,30295.86958,1646265600
2022/3/4,Total,China,30208.63675,1646352000
2022/3/5,Total,China,30157.11897,1646438400
2022/3/6,Total,China,30394.32381,1646524800
2022/3/7,Total,China,30224.67402,1646611200
2022/3/8,Total,China,30183.42321,1646697600
2022/3/9,Total,China,30060.54337,1646784000
2022/3/10,Total,China,29555.28961,1646870400
2022/3/11,Total,China,29643.63532,1646956800
2022/3/12,Total,China,29544.829,1647043200
2022/3/13,Total,China,29990.30465,1647129600
2022/3/14,Total,China,29837.40775,1647216000
2022/3/15,Total,China,29680.69278,1647302400
2022/3/16,Total,China,29649.59221,1647388800
2022/3/17,Total,China,30474.70958,1647475200
2022/3/18,Total,China,30804.43504,1647561600
2022/3/19,Total,China,31152.28208,1647648000
2022/3/20,Total,China,30725.82904,1647734400
2022/3/21,Total,China,31236.32581,1647820800
2022/3/22,Total,China,31443.05213,1647907200
2022/3/23,Total,China,30353.14424,1647993600
2022/3/24,Total,China,29117.72324,1648080000
2022/3/25,Total,China,28874.50481,1648166400
2022/3/26,Total,China,28810.93507,1648252800
2022/3/27,Total,China,28347.08851,1648339200
2022/3/28,Total,China,28239.16095,1648425600
2022/3/29,Total,China,28190.45219,1648512000
2022/3/30,Total,China,28995.91728,1648598400
2022/3/31,Total,China,29213.18399,1648684800
2022/4/1,Total,China,30822.78814,1648771200
2022/4/2,Total,China,30171.587,1648857600
2022/4/3,Total,China,29483.3741,1648944000
2022/4/4,Total,China,28931.1596,1649030400
2022/4/5,Total,China,27874.34794,1649116800
2022/4/6,Total,China,28237.89101,1649203200
2022/4/7,Total,China,28993.32245,1649289600
2022/4/8,Total,China,28246.99498,1649376000
2022/4/9,Total,China,27515.00859,1649462400
2022/4/10,Total,China,27754.80823,1649548800
2022/4/11,Total,China,27740.35537,1649635200
2022/4/12,Total,China,28531.06181,1649721600
2022/4/13,Total,China,28923.69539,1649808000
2022/4/14,Total,China,29207.68305,1649894400
2022/4/15,Total,China,28772.3844,1649980800
2022/4/16,Total,China,28073.71832,1650067200
2022/4/17,Total,China,28104.07427,1650153600
2022/4/18,Total,China,28424.22611,1650240000
2022/4/19,Total,China,28065.48417,1650326400
2022/4/20,Total,China,27278.43076,1650412800
2022/4/21,Total,China,26410.6888,1650499200
2022/4/22,Total,China,26321.92102,1650585600
2022/4/23,Total,China,25959.71176,1650672000
2022/4/24,Total,China,26385.22361,1650758400
2022/4/25,Total,China,27131.18039,1650844800
2022/4/26,Total,China,26986.012,1650931200
2022/4/27,Total,China,27072.78171,1651017600
2022/4/28,Total,China,28033.16846,1651104000
2022/4/29,Total,China,28084.39398,1651190400
2022/4/30,Total,China,27602.52249,1651276800
2022/5/1,Total,China,26227.80587,1651363200
2022/5/2,Total,China,26099.1627,1651449600
2022/5/3,Total,China,26474.91273,1651536000
2022/5/4,Total,China,25990.01921,1651622400
2022/5/5,Total,China,26466.03072,1651708800
2022/5/6,Total,China,27126.35058,1651795200
2022/5/7,Total,China,27611.94772,1651881600
2022/5/8,Total,China,28282.02296,1651968000
2022/5/9,Total,China,28495.60506,1652054400
2022/5/10,Total,China,28390.48547,1652140800
2022/5/11,Total,China,28778.4112,1652227200
2022/5/12,Total,China,28648.64842,1652313600
2022/5/13,Total,China,28098.32203,1652400000
2022/5/14,Total,China,27751.17487,1652486400
2022/5/15,Total,China,27467.56986,1652572800
2022/5/16,Total,China,26770.45734,1652659200
2022/5/17,Total,China,26333.37941,1652745600
2022/5/18,Total,China,26692.38513,1652832000
2022/5/19,Total,China,27841.62595,1652918400
2022/5/20,Total,China,27865.73624,1653004800
2022/5/21,Total,China,27753.23057,1653091200
2022/5/22,Total,China,27268.43136,1653177600
2022/5/23,Total,China,27381.3326,1653264000
2022/5/24,Total,China,27519.45684,1653350400
2022/5/25,Total,China,27290.41135,1653436800
2022/5/26,Total,China,27329.9042,1653523200
2022/5/27,Total,China,27501.52204,1653609600
2022/5/28,Total,China,27175.77675,1653696000
2022/5/29,Total,China,27054.51879,1653782400
2022/5/30,Total,China,27055.21492,1653868800
2022/5/31,Total,China,27428.35112,1653955200
2022/6/1,Total,China,27120.9611,1654041600
2022/6/2,Total,China,26588.03046,1654128000
2022/6/3,Total,China,25546.06927,1654214400
2022/6/4,Total,China,25932.55721,1654300800
2022/6/5,Total,China,26601.78964,1654387200
2022/6/6,Total,China,27525.73629,1654473600
2022/6/7,Total,China,28001.16656,1654560000
2022/6/8,Total,China,28432.88041,1654646400
2022/6/9,Total,China,28839.50408,1654732800
2022/6/10,Total,China,28944.67106,1654819200
2022/6/11,Total,China,28703.94019,1654905600
2022/6/12,Total,China,27528.96272,1654992000
2022/6/13,Total,China,28291.44825,1655078400
2022/6/14,Total,China,28665.7674,1655164800
2022/6/15,Total,China,29479.81259,1655251200
2022/6/16,Total,China,29697.66442,1655337600
2022/6/17,Total,China,30008.49171,1655424000
2022/6/18,Total,China,30365.35508,1655510400
2022/6/19,Total,China,30514.43277,1655596800
2022/6/20,Total,China,30561.34135,1655683200
2022/6/21,Total,China,31508.80079,1655769600
2022/6/22,Total,China,31840.38467,1655856000
2022/6/23,Total,China,31337.6938,1655942400
2022/6/24,Total,China,31602.45234,1656028800
2022/6/25,Total,China,31782.86786,1656115200
2022/6/26,Total,China,32026.43922,1656201600
2022/6/27,Total,China,32101.85379,1656288000
2022/6/28,Total,China,32183.62637,1656374400
2022/6/29,Total,China,32034.5847,1656460800
2022/6/30,Total,China,32092.30568,1656547200
2022/7/1,Total,China,28606.54546,1656633600
2022/7/2,Total,China,28946.53688,1656720000
2022/7/3,Total,China,27630.66571,1656806400
2022/7/4,Total,China,27960.15357,1656892800
2022/7/5,Total,China,28836.04337,1656979200
2022/7/6,Total,China,29123.15958,1657065600
2022/7/7,Total,China,29441.3461,1657152000
2022/7/8,Total,China,29914.70979,1657238400
2022/7/9,Total,China,30547.52584,1657324800
2022/7/10,Total,China,30526.05644,1657411200
2022/7/11,Total,China,30360.16378,1657497600
2022/7/12,Total,China,30897.58876,1657584000
2022/7/13,Total,China,31828.29194,1657670400
2022/7/14,Total,China,32083.61775,1657756800
2022/7/15,Total,China,32427.3871,1657843200
2022/7/16,Total,China,32411.94405,1657929600
2022/7/17,Total,China,32135.12252,1658016000
2022/7/18,Total,China,31863.8735,1658102400
2022/7/19,Total,China,32324.16204,1658188800
2022/7/20,Total,China,31899.74554,1658275200
2022/7/21,Total,China,31524.18309,1658361600
2022/7/22,Total,China,31917.03227,1658448000
2022/7/23,Total,China,31644.19332,1658534400
2022/7/24,Total,China,31050.70038,1658620800
2022/7/25,Total,China,31584.76082,1658707200
2022/7/26,Total,China,31730.23637,1658793600
2022/7/27,Total,China,32276.97819,1658880000
2022/7/28,Total,China,32380.34896,1658966400
2022/7/29,Total,China,32372.55097,1659052800
2022/7/30,Total,China,32095.9958,1659139200
2022/7/31,Total,China,32107.77226,1659225600
2022/8/1,Total,China,32343.71749,1659312000
2022/8/2,Total,China,33339.26518,1659398400
2022/8/3,Total,China,33547.48426,1659484800
2022/8/4,Total,China,33886.74677,1659571200
2022/8/5,Total,China,33673.15568,1659657600
2022/8/6,Total,China,33522.95816,1659744000
2022/8/7,Total,China,33574.82449,1659830400
2022/8/8,Total,China,33627.37329,1659916800
2022/8/9,Total,China,33086.08359,1660003200
2022/8/10,Total,China,32700.3577,1660089600
2022/8/11,Total,China,33164.00523,1660176000
2022/8/12,Total,China,33565.43029,1660262400
2022/8/13,Total,China,33431.8962,1660348800
2022/8/14,Total,China,33713.14209,1660435200
2022/8/15,Total,China,33413.54661,1660521600
2022/8/16,Total,China,33631.4599,1660608000
2022/8/17,Total,China,33546.17303,1660694400
2022/8/18,Total,China,33202.93584,1660780800
2022/8/19,Total,China,33020.46289,1660867200
2022/8/20,Total,China,32826.8346,1660953600
2022/8/21,Total,China,32379.10076,1661040000
2022/8/22,Total,China,32587.66943,1661126400
2022/8/23,Total,China,32118.05798,1661212800
2022/8/24,Total,China,32190.13339,1661299200
2022/8/25,Total,China,32330.39464,1661385600
2022/8/26,Total,China,31463.01006,1661472000
2022/8/27,Total,China,31085.56956,1661558400
2022/8/28,Total,China,30565.44329,1661644800
2022/8/29,Total,China,30860.81044,1661731200
2022/8/30,Total,China,30835.76348,1661817600
2022/8/31,Total,China,30205.28392,1661904000
2022/9/1,Total,China,31691.39514,1661990400
2022/9/2,Total,China,31061.61891,1662076800
2022/9/3,Total,China,31033.19174,1662163200
2022/9/4,Total,China,30956.24377,1662249600
2022/9/5,Total,China,30612.00765,1662336000
2022/9/6,Total,China,30716.75701,1662422400
2022/9/7,Total,China,31660.72181,1662508800
2022/9/8,Total,China,32224.19979,1662595200
2022/9/9,Total,China,32777.04941,1662681600
2022/9/10,Total,China,31321.66405,1662768000
2022/9/11,Total,China,30662.96278,1662854400
2022/9/12,Total,China,31091.60151,1662940800
2022/9/13,Total,China,31126.17523,1663027200
2022/9/14,Total,China,30996.42169,1663113600
2022/9/15,Total,China,30866.87855,1663200000
2022/9/16,Total,China,31190.06238,1663286400
2022/9/17,Total,China,31466.9748,1663372800
2022/9/18,Total,China,31003.83438,1663459200
2022/9/19,Total,China,30591.86702,1663545600
2022/9/20,Total,China,30617.75495,1663632000
2022/9/21,Total,China,29843.01951,1663718400
2022/9/22,Total,China,29504.52463,1663804800
2022/9/23,Total,China,29512.1203,1663891200
2022/9/24,Total,China,29468.1773,1663977600
2022/9/25,Total,China,29433.79175,1664064000
2022/9/26,Total,China,30117.15178,1664150400
2022/9/27,Total,China,30318.85808,1664236800
2022/9/28,Total,China,30224.84088,1664323200
2022/9/29,Total,China,29972.24088,1664409600
2022/9/30,Total,China,29778.90215,1664496000
2022/10/1,Total,China,27735.75595,1664582400
2022/10/2,Total,China,27894.65755,1664668800
2022/10/3,Total,China,28310.46678,1664755200
2022/10/4,Total,China,28288.07249,1664841600
2022/10/5,Total,China,28693.74724,1664928000
2022/10/6,Total,China,29486.20907,1665014400
2022/10/7,Total,China,29022.27234,1665100800
2022/10/8,Total,China,28501.20363,1665187200
2022/10/9,Total,China,27934.92725,1665273600
2022/10/10,Total,China,27425.06582,1665360000
2022/10/11,Total,China,28145.13323,1665446400
2022/10/12,Total,China,28080.19233,1665532800
2022/10/13,Total,China,28474.03735,1665619200
2022/10/14,Total,China,28383.65262,1665705600
2022/10/15,Total,China,28133.84878,1665792000
2022/10/16,Total,China,27506.68529,1665878400
2022/10/17,Total,China,27248.72702,1665964800
2022/10/18,Total,China,27563.88676,1666051200
2022/10/19,Total,China,27180.11481,1666137600
2022/10/20,Total,China,26888.53562,1666224000
2022/10/21,Total,China,27437.55039,1666310400
2022/10/22,Total,China,27756.51972,1666396800
2022/10/23,Total,China,27581.15818,1666483200
2022/10/24,Total,China,27625.72728,1666569600
2022/10/25,Total,China,27052.30144,1666656000
2022/10/26,Total,China,27762.03785,1666742400
2022/10/27,Total,China,28393.95159,1666828800
2022/10/28,Total,China,28518.31687,1666915200
2022/10/29,Total,China,28635.52786,1667001600
2022/10/30,Total,China,28449.12863,1667088000
2022/10/31,Total,China,28196.4118,1667174400
2022/11/1,Total,China,28489.52064,1667260800
2022/11/2,Total,China,28779.52955,1667347200
2022/11/3,Total,China,29173.98924,1667433600
2022/11/4,Total,China,29411.93284,1667520000
2022/11/5,Total,China,29247.43589,1667606400
2022/11/6,Total,China,28989.91947,1667692800
2022/11/7,Total,China,29613.28771,1667779200
2022/11/8,Total,China,29535.16463,1667865600
2022/11/9,Total,China,29592.66578,1667952000
2022/11/10,Total,China,29821.30023,1668038400
2022/11/11,Total,China,30252.62143,1668124800
2022/11/12,Total,China,30363.14978,1668211200
2022/11/13,Total,China,30807.48871,1668297600
2022/11/14,Total,China,31171.98401,1668384000
2022/11/15,Total,China,30918.19953,1668470400
2022/11/16,Total,China,31311.45584,1668556800
2022/11/17,Total,China,30896.98739,1668643200
2022/11/18,Total,China,30777.8288,1668729600
2022/11/19,Total,China,30891.09699,1668816000
2022/11/20,Total,China,30687.48884,1668902400
2022/11/21,Total,China,30692.60979,1668988800
2022/11/22,Total,China,31200.34068,1669075200
2022/11/23,Total,China,31136.72044,1669161600
2022/11/24,Total,China,30763.83677,1669248000
2022/11/25,Total,China,30606.52077,1669334400
2022/11/26,Total,China,30687.48341,1669420800
2022/11/27,Total,China,30551.83096,1669507200
2022/11/28,Total,China,31075.13369,1669593600
2022/11/29,Total,China,32368.90866,1669680000
2022/11/30,Total,China,33256.11561,1669766400
2022/12/1,Total,China,33174.68513,1669852800
2022/12/2,Total,China,32637.75816,1669939200
2022/12/3,Total,China,32264.70907,1670025600
2022/12/4,Total,China,32818.06166,1670112000
2022/12/5,Total,China,33032.33871,1670198400
2022/12/6,Total,China,33131.30074,1670284800
2022/12/7,Total,China,32961.96849,1670371200
2022/12/8,Total,China,33165.2655,1670457600
2022/12/9,Total,China,33296.94627,1670544000
2022/12/10,Total,China,33513.92249,1670630400
2022/12/11,Total,China,33428.9793,1670716800
2022/12/12,Total,China,33794.67528,1670803200
2022/12/13,Total,China,33790.6874,1670889600
2022/12/14,Total,China,33956.63285,1670976000
2022/12/15,Total,China,33986.59268,1671062400
2022/12/16,Total,China,34037.42232,1671148800
2022/12/17,Total,China,34097.71338,1671235200
2022/12/18,Total,China,34076.96846,1671321600
2022/12/19,Total,China,34072.89515,1671408000
2022/12/20,Total,China,33733.23253,1671494400
2022/12/21,Total,China,33689.17105,1671580800
2022/12/22,Total,China,33794.04038,1671667200
2022/12/23,Total,China,33532.09923,1671753600
2022/12/24,Total,China,33276.20684,1671840000
2022/12/25,Total,China,33751.18171,1671926400
2022/12/26,Total,China,34155.44449,1672012800
2022/12/27,Total,China,34257.53471,1672099200
2022/12/28,Total,China,34603.77185,1672185600
2022/12/29,Total,China,35056.37076,1672272000
2022/12/30,Total,China,34790.53514,1672358400
2022/12/31,Total,China,33820.23512,1672444800
2023/1/1,Total,China,35742.16866,1672531200
2023/1/2,Total,China,36168.06075,1672617600
2023/1/3,Total,China,36674.07611,1672704000
2023/1/4,Total,China,36672.27816,1672790400
2023/1/5,Total,China,36020.67048,1672876800
2023/1/6,Total,China,35442.78741,1672963200
2023/1/7,Total,China,35085.59451,1673049600
2023/1/8,Total,China,34182.68007,1673136000
2023/1/9,Total,China,34128.98106,1673222400
2023/1/10,Total,China,33900.1891,1673308800
2023/1/11,Total,China,33068.8866,1673395200
2023/1/12,Total,China,32198.59095,1673481600
2023/1/13,Total,China,31985.76102,1673568000
2023/1/14,Total,China,32610.05982,1673654400
2023/1/15,Total,China,33388.29121,1673740800
2023/1/16,Total,China,33261.0468,1673827200
2023/1/17,Total,China,33064.35252,1673913600
2023/1/18,Total,China,31594.58042,1674000000
2023/1/19,Total,China,30591.37259,1674086400
2023/1/20,Total,China,29804.97542,1674172800
2023/1/21,Total,China,28818.0556,1674259200
2023/1/22,Total,China,28884.04244,1674345600
2023/1/23,Total,China,28873.15893,1674432000
2023/1/24,Total,China,29268.01463,1674518400
2023/1/25,Total,China,29470.15261,1674604800
2023/1/26,Total,China,29738.34361,1674691200
2023/1/27,Total,China,30309.67589,1674777600
2023/1/28,Total,China,31327.62367,1674864000
2023/1/29,Total,China,31395.10848,1674950400
2023/1/30,Total,China,31462.06133,1675036800
2023/1/31,Total,China,31336.87176,1675123200
2023/2/1,Total,China,26756.81825,1675209600
2023/2/2,Total,China,27796.44598,1675296000
2023/2/3,Total,China,28318.021,1675382400
2023/2/4,Total,China,27958.72407,1675468800
2023/2/5,Total,China,27604.21989,1675555200
2023/2/6,Total,China,28339.24597,1675641600
2023/2/7,Total,China,28526.98593,1675728000
2023/2/8,Total,China,28803.81394,1675814400
2023/2/9,Total,China,29353.23565,1675900800
2023/2/10,Total,China,29281.56987,1675987200
2023/2/11,Total,China,28937.40867,1676073600
2023/2/12,Total,China,28587.23901,1676160000
2023/2/13,Total,China,29250.4476,1676246400
2023/2/14,Total,China,29388.01551,1676332800
2023/2/15,Total,China,29929.09158,1676419200
2023/2/16,Total,China,29493.13531,1676505600
2023/2/17,Total,China,29016.37052,1676592000
2023/2/18,Total,China,28881.57215,1676678400
2023/2/19,Total,China,28394.09761,1676764800
2023/2/20,Total,China,28907.41494,1676851200
2023/2/21,Total,China,29184.70903,1676937600
2023/2/22,Total,China,29694.44979,1677024000
2023/2/23,Total,China,29883.13549,1677110400
2023/2/24,Total,China,29588.52531,1677196800
2023/2/25,Total,China,29109.9179,1677283200
2023/2/26,Total,China,28486.68027,1677369600
2023/2/27,Total,China,27841.47938,1677456000
2023/2/28,Total,China,27939.88705,1677542400
2023/3/1,Total,China,33681.42403,1677628800
2023/3/2,Total,China,33518.39617,1677715200
2023/3/3,Total,China,33533.497,1677801600
2023/3/4,Total,China,32932.68777,1677888000
2023/3/5,Total,China,32149.35882,1677974400
2023/3/6,Total,China,32370.91556,1678060800
2023/3/7,Total,China,31867.37694,1678147200
2023/3/8,Total,China,32184.64619,1678233600
2023/3/9,Total,China,31871.20881,1678320000
2023/3/10,Total,China,31652.75176,1678406400
2023/3/11,Total,China,32089.33259,1678492800
2023/3/12,Total,China,32358.73283,1678579200
2023/3/13,Total,China,32086.39407,1678665600
2023/3/14,Total,China,31615.84248,1678752000
2023/3/15,Total,China,31792.68231,1678838400
2023/3/16,Total,China,32663.6047,1678924800
2023/3/17,Total,China,33089.75712,1679011200
2023/3/18,Total,China,32656.62299,1679097600
2023/3/19,Total,China,32330.03801,1679184000
2023/3/20,Total,China,32087.94686,1679270400
2023/3/21,Total,China,31905.11789,1679356800
2023/3/22,Total,China,32259.3452,1679443200
2023/3/23,Total,China,32120.84649,1679529600
2023/3/24,Total,China,32802.47608,1679616000
2023/3/25,Total,China,32747.92921,1679702400
2023/3/26,Total,China,32218.54933,1679788800
2023/3/27,Total,China,31970.33255,1679875200
2023/3/28,Total,China,31719.41787,1679961600
2023/3/29,Total,China,31173.77778,1680048000
2023/3/30,Total,China,31276.87876,1680134400
2023/3/31,Total,China,30292.49599,1680220800
2023/4/1,Total,China,30014.74195,1680307200
2023/4/2,Total,China,29661.73658,1680393600
2023/4/3,Total,China,30169.33381,1680480000
2023/4/4,Total,China,30682.41769,1680566400
2023/4/5,Total,China,30333.01967,1680652800
2023/4/6,Total,China,30787.51749,1680739200
2023/4/7,Total,China,30124.08855,1680825600
2023/4/8,Total,China,29623.2936,1680912000
2023/4/9,Total,China,28763.57636,1680998400
2023/4/10,Total,China,28774.34363,1681084800
2023/4/11,Total,China,29631.99709,1681171200
2023/4/12,Total,China,29847.41844,1681257600
2023/4/13,Total,China,30206.68981,1681344000
2023/4/14,Total,China,30275.915,1681430400
2023/4/15,Total,China,29883.36503,1681516800
2023/4/16,Total,China,29841.73924,1681603200
2023/4/17,Total,China,29397.90868,1681689600
2023/4/18,Total,China,29864.92687,1681776000
2023/4/19,Total,China,30019.93588,1681862400
2023/4/20,Total,China,30251.29554,1681948800
2023/4/21,Total,China,29985.92793,1682035200
2023/4/22,Total,China,30017.72656,1682121600
2023/4/23,Total,China,30448.4715,1682208000
2023/4/24,Total,China,30592.46468,1682294400
2023/4/25,Total,China,30335.86945,1682380800
2023/4/26,Total,China,29454.52359,1682467200
2023/4/27,Total,China,28858.81146,1682553600
2023/4/28,Total,China,29303.97128,1682640000
2023/4/29,Total,China,28611.85201,1682726400
2023/4/30,Total,China,28039.84801,1682812800
2023/5/1,Total,China,26359.95517,1682899200
2023/5/2,Total,China,26262.25171,1682985600
2023/5/3,Total,China,27836.01222,1683072000
2023/5/4,Total,China,29099.38543,1683158400
2023/5/5,Total,China,29437.23346,1683244800
2023/5/6,Total,China,29245.17513,1683331200
2023/5/7,Total,China,28774.05754,1683417600
2023/5/8,Total,China,29060.39631,1683504000
2023/5/9,Total,China,29490.31305,1683590400
2023/5/10,Total,China,30108.54356,1683676800
2023/5/11,Total,China,29706.93979,1683763200
2023/5/12,Total,China,29198.33339,1683849600
2023/5/13,Total,China,28971.49321,1683936000
2023/5/14,Total,China,28717.97932,1684022400
2023/5/15,Total,China,28849.51321,1684108800
2023/5/16,Total,China,28689.381,1684195200
2023/5/17,Total,China,29272.79477,1684281600
2023/5/18,Total,China,29448.01239,1684368000
2023/5/19,Total,China,29052.42307,1684454400
2023/5/20,Total,China,29043.04969,1684540800
2023/5/21,Total,China,28890.47005,1684627200
2023/5/22,Total,China,29402.61409,1684713600
2023/5/23,Total,China,29654.6364,1684800000
2023/5/24,Total,China,29071.9921,1684886400
2023/5/25,Total,China,29275.87957,1684972800
2023/5/26,Total,China,29548.42317,1685059200
2023/5/27,Total,China,29612.85538,1685145600
2023/5/28,Total,China,29718.18537,1685232000
2023/5/29,Total,China,30190.4706,1685318400
2023/5/30,Total,China,30794.58332,1685404800
2023/5/31,Total,China,31018.99852,1685491200
2023/6/1,Total,China,29114.87799,1685577600
2023/6/2,Total,China,29308.00205,1685664000
2023/6/3,Total,China,29123.13731,1685750400
2023/6/4,Total,China,29296.8988,1685836800
2023/6/5,Total,China,29278.80495,1685923200
2023/6/6,Total,China,29429.43212,1686009600
2023/6/7,Total,China,29130.33079,1686096000
2023/6/8,Total,China,29430.2578,1686182400
2023/6/9,Total,China,29602.38115,1686268800
2023/6/10,Total,China,29542.52395,1686355200
2023/6/11,Total,China,29901.11353,1686441600
2023/6/12,Total,China,30129.45866,1686528000
2023/6/13,Total,China,30423.75766,1686614400
2023/6/14,Total,China,30657.55154,1686700800
2023/6/15,Total,China,30698.13695,1686787200
2023/6/16,Total,China,31089.33915,1686873600
2023/6/17,Total,China,30444.18101,1686960000
2023/6/18,Total,China,30186.68317,1687046400
2023/6/19,Total,China,30684.34412,1687132800
2023/6/20,Total,China,30628.52327,1687219200
2023/6/21,Total,China,30996.20204,1687305600
2023/6/22,Total,China,29958.67234,1687392000
2023/6/23,Total,China,29774.5564,1687478400
2023/6/24,Total,China,29480.74815,1687564800
2023/6/25,Total,China,30298.4265,1687651200
2023/6/26,Total,China,31070.66183,1687737600
2023/6/27,Total,China,30884.15203,1687824000
2023/6/28,Total,China,31693.04398,1687910400
2023/6/29,Total,China,31559.84406,1687996800
2023/6/30,Total,China,31576.79967,1688083200
2023/7/1,Total,China,30576.78057,1688169600
2023/7/2,Total,China,31014.15833,1688256000
2023/7/3,Total,China,31555.32136,1688342400
2023/7/4,Total,China,31352.97786,1688428800
2023/7/5,Total,China,30704.71924,1688515200
2023/7/6,Total,China,31238.20251,1688601600
2023/7/7,Total,China,31568.59979,1688688000
2023/7/8,Total,China,32075.18123,1688774400
2023/7/9,Total,China,32703.90004,1688860800
2023/7/10,Total,China,33625.32787,1688947200
2023/7/11,Total,China,33755.57305,1689033600
2023/7/12,Total,China,33947.05072,1689120000
2023/7/13,Total,China,33856.00231,1689206400
2023/7/14,Total,China,33454.42142,1689292800
2023/7/15,Total,China,33544.02477,1689379200
2023/7/16,Total,China,33542.20744,1689465600
2023/7/17,Total,China,33420.28082,1689552000
2023/7/18,Total,China,33385.89167,1689638400
2023/7/19,Total,China,32898.02616,1689724800
2023/7/20,Total,China,32776.53556,1689811200
2023/7/21,Total,China,32475.83624,1689897600
2023/7/22,Total,China,32028.68788,1689984000
2023/7/23,Total,China,32308.11724,1690070400
2023/7/24,Total,China,32761.00594,1690156800
2023/7/25,Total,China,32635.51374,1690243200
2023/7/26,Total,China,32684.34007,1690329600
2023/7/27,Total,China,32207.28121,1690416000
2023/7/28,Total,China,31238.98077,1690502400
2023/7/29,Total,China,30444.36117,1690588800
2023/7/30,Total,China,29893.22633,1690675200
2023/7/31,Total,China,30488.7409,1690761600
2023/8/1,Total,China,32671.2579,1690848000
2023/8/2,Total,China,33234.32544,1690934400
2023/8/3,Total,China,34182.5796,1691020800
2023/8/4,Total,China,34819.77648,1691107200
2023/8/5,Total,China,34845.91817,1691193600
2023/8/6,Total,China,34478.64998,1691280000
2023/8/7,Total,China,34258.68006,1691366400
2023/8/8,Total,China,34575.3316,1691452800
2023/8/9,Total,China,34351.23104,1691539200
2023/8/10,Total,China,34557.06319,1691625600
2023/8/11,Total,China,34591.69468,1691712000
2023/8/12,Total,China,34375.16576,1691798400
2023/8/13,Total,China,33978.72599,1691884800
2023/8/14,Total,China,34158.65612,1691971200
2023/8/15,Total,China,34609.92354,1692057600
2023/8/16,Total,China,35033.00996,1692144000
2023/8/17,Total,China,35273.38026,1692230400
2023/8/18,Total,China,34942.78211,1692316800
2023/8/19,Total,China,34651.27902,1692403200
2023/8/20,Total,China,33896.22496,1692489600
2023/8/21,Total,China,33927.16235,1692576000
2023/8/22,Total,China,33996.5251,1692662400
2023/8/23,Total,China,33905.91592,1692748800
2023/8/24,Total,China,33905.8703,1692835200
2023/8/25,Total,China,33441.27762,1692921600
2023/8/26,Total,China,32925.22624,1693008000
2023/8/27,Total,China,31710.54857,1693094400
2023/8/28,Total,China,31483.92975,1693180800
2023/8/29,Total,China,30567.64756,1693267200
2023/8/30,Total,China,30632.3619,1693353600
2023/8/31,Total,China,31021.22388,1693440000
2023/9/1,Total,China,30489.84552,1693526400
2023/9/2,Total,China,30543.59814,1693612800
2023/9/3,Total,China,30579.41157,1693699200
2023/9/4,Total,China,31275.27982,1693785600
2023/9/5,Total,China,31355.38498,1693872000
2023/9/6,Total,China,31412.59453,1693958400
2023/9/7,Total,China,31966.78947,1694044800
2023/9/8,Total,China,31906.30649,1694131200
2023/9/9,Total,China,32126.52441,1694217600
2023/9/10,Total,China,31909.63863,1694304000
2023/9/11,Total,China,32170.53545,1694390400
2023/9/12,Total,China,32082.76542,1694476800
2023/9/13,Total,China,31428.04502,1694563200
2023/9/14,Total,China,31014.52784,1694649600
2023/9/15,Total,China,30874.07977,1694736000
2023/9/16,Total,China,30698.67192,1694822400
2023/9/17,Total,China,31197.4107,1694908800
2023/9/18,Total,China,31705.91378,1694995200
2023/9/19,Total,China,32225.28327,1695081600
2023/9/20,Total,China,31656.25787,1695168000
2023/9/21,Total,China,31453.66381,1695254400
2023/9/22,Total,China,31020.47225,1695340800
2023/9/23,Total,China,30774.86052,1695427200
2023/9/24,Total,China,31112.92701,1695513600
2023/9/25,Total,China,31457.26828,1695600000
2023/9/26,Total,China,31523.53455,1695686400
2023/9/27,Total,China,31432.01128,1695772800
2023/9/28,Total,China,30602.73032,1695859200
2023/9/29,Total,China,28654.06467,1695945600
2023/9/30,Total, China, 27132.22252, 1696032000
